"Spp","Long","Lat"
"Caiman yacare",-57.252,-23.794
"Caiman yacare",-57.965,-26.606
"Caiman yacare",-57.3333333,-28.4166667
"Caiman yacare",-64.3,-13.38
"Caiman yacare",-64.5,-13.14
"Caiman yacare",-58.9441667,-26.1813889
"Caiman yacare",-56.6944,-20.1319
"Caiman yacare",-56.622778,-16.256944
"Caiman yacare",-55.965729,-20.095917
"Caiman yacare",-55.863293,-16.346006
"Caiman yacare",-57.039085,-19.545879
"Caiman yacare",-56.304588,-20.266062
"Caiman yacare",-56.994366,-19.579887
"Caiman yacare",-56.974068,-19.484476
"Caiman yacare",-56.693962,-16.483166
"Caiman yacare",-57.158348,-28.290049
"Caiman yacare",-56.980591,-19.730513
"Caiman yacare",-63.197418,-17.78879
"Caiman yacare",-58.05891,-28.02412
"Caiman yacare",-58.10311,-28.03739
"Caiman yacare",-58.06131,-28.02175
"Caiman yacare",-58.10922,-28.03697
"Caiman yacare",-58.06189,-28.02859
"Caiman yacare",-58.01948,-28.01315
"Caiman yacare",-58.03315,-28.01044
"Caiman yacare",-58.03075,-28.01637
"Caiman yacare",-58.05891,-28.02441
"Caiman yacare",-58.10915,-28.03629
"Caiman yacare",-58.04703,-28.01157
"Caiman yacare",-58.0624,-28.02959
"Caiman yacare",-58.0186,-27.97665
"Caiman yacare",-58.01699,-27.99993
"Caiman yacare",-58.10773,-28.06502
"Caiman yacare",-58.05846,-28.02197
"Caiman yacare",-58.10042,-28.07239
"Caiman yacare",-58.11364,-28.05544
"Caiman yacare",-58.10925,-28.0366
"Caiman yacare",-58.01072,-27.97142
"Caiman yacare",-58.09562,-28.00261
"Caiman yacare",-58.10552,-28.01224
"Caiman yacare",-58.01689,-27.99385
"Caiman yacare",-58.04422,-27.98505
"Caiman yacare",-58.08817,-28.0258
"Caiman yacare",-58.01809,-28.01502
"Caiman yacare",-58.01099,-27.97492
"Caiman yacare",-58.10918,-28.0366
"Caiman yacare",-58.00865,-27.99699
"Caiman yacare",-58.08826,-28.03057
"Caiman yacare",-58.06413,-28.0234
"Caiman yacare",-58.944167,-26.181389
"Caiman yacare",-57.252,-23.794
"Caiman yacare",-56.823966,-27.752764
"Caiman yacare",-64.933158,-13.760592
"Caiman yacare",-57.17993,-28.516106
"Caiman yacare",-57.189691,-28.520928
"Caiman yacare",-57.180636,-28.545177
"Caiman yacare",-56.958913,-17.031311
"Caiman yacare",-55.274538,-19.245063
"Caiman yacare",-56.951352,-16.98418
"Caiman yacare",-56.846354,-16.810718
"Caiman yacare",-56.734783,-16.620539
"Caiman yacare",-56.661204,-16.389285
"Caiman yacare",-56.670044,-16.425903
"Caiman yacare",-54.999691,-19.54035
"Caiman yacare",-56.649839,-16.370118
"Caiman yacare",-56.904469,-17.26162
"Caiman yacare",-56.670035,-16.425843
"Caiman yacare",-57.652791,-19.005179
"Caiman yacare",-56.67021,-16.422604
"Caiman yacare",-57.162265,-28.561707
"Caiman yacare",-56.384187,-20.239065
"Caiman yacare",-56.939656,-16.977171
"Caiman yacare",-56.669864,-16.430173
"Caiman yacare",-56.726809,-16.546713
"Caiman yacare",-56.912839,-17.237473
"Caiman yacare",-56.764423,-16.61477
"Caiman yacare",-56.670183,-16.422615
"Caiman yacare",-56.669861,-16.430207
"Caiman yacare",-56.670005,-16.430726
"Caiman yacare",-56.940336,-16.97743
"Caiman yacare",-56.763669,-16.613523
"Caiman yacare",-56.831917,-16.692579
"Caiman yacare",-56.363245,-20.196377
"Caiman yacare",-57.133104,-28.525238
"Caiman yacare",-57.154138,-28.604351
"Caiman yacare",-57.186927,-28.537455
"Caiman yacare",-59.247937,-28.499277
"Caiman yacare",-56.720662,-16.551523
"Caiman yacare",-56.77411,-17.364234
"Caiman yacare",-56.734737,-16.630713
"Caiman yacare",-58.809352,-25.446793
"Caiman yacare",-56.864719,-27.826153
"Caiman yacare",-56.71981,-16.552053
"Caiman yacare",-56.695592,-16.486065
"Caiman yacare",-56.57542,-20.222028
"Caiman yacare",-56.720078,-16.551577
"Caiman yacare",-56.71991,-16.551525
"Caiman yacare",-56.500957,-20.227138
"Caiman yacare",-56.669892,-16.43051
"Caiman yacare",-56.628114,-16.264503
"Caiman yacare",-57.346485,-17.688018
"Caiman yacare",-57.171815,-28.569988
"Caiman yacare",-57.17837,-28.581003
"Caiman yacare",-56.906434,-27.85631
"Caiman yacare",-56.645687,-16.261705
"Caiman yacare",-57.171197,-28.570248
"Caiman yacare",-56.749233,-16.511844
"Caiman yacare",-57.171395,-28.57017
"Caiman yacare",-57.181478,-28.58312
"Caiman yacare",-57.17695,-28.579982
"Caiman yacare",-57.016667,-19.483333
"Caiman yacare",-57.126844,-19.441765
"Caiman yacare",-57.17202,-28.569983
"Caiman yacare",-57.17034,-28.573858
"Caiman yacare",-57.171253,-28.570065
"Caiman yacare",-59.239038,-28.508722
"Caiman yacare",-57.170792,-28.574322
"Caiman yacare",-57.18298,-28.539503
"Caiman yacare",-57.176208,-28.576687
"Caiman yacare",-55.965176,-20.09559
"Caiman yacare",-57.170097,-28.573327
"Caiman yacare",-57.172202,-28.569895
"Caiman yacare",-57.172393,-28.569833
"Caiman yacare",-57.170408,-28.571822
"Caiman yacare",-56.711987,-16.512638
"Caiman yacare",-57.175477,-28.575742
"Caiman yacare",-65.579738,-13.908498
"Caiman yacare",-57.191672,-28.543395
"Caiman yacare",-57.182018,-28.539825
"Caiman yacare",-57.17059,-28.574023
"Caiman yacare",-57.170525,-28.570575
"Caiman yacare",-57.189609,-28.527936
"Caiman yacare",-57.204203,-28.259824
"Caiman yacare",-57.186743,-28.540325
"Caiman yacare",-57.184587,-28.537626
"Caiman yacare",-57.184753,-28.53902
"Caiman yacare",-57.178883,-28.581938
"Caiman yacare",-57.175995,-28.577677
"Caiman yacare",-57.170892,-28.574678
"Caiman yacare",-57.187065,-28.540555
"Caiman yacare",-57.171815,-28.574927
"Caiman yacare",-57.1834,-28.585055
"Caiman yacare",-57.184688,-28.539085
"Caiman yacare",-56.669974,-16.406815
"Caiman yacare",-57.205588,-28.522708
"Caiman yacare",-57.20539,-28.522767
"Caiman yacare",-56.744334,-16.501672
"Caiman yacare",-56.735308,-16.62091
"Caiman yacare",-57.182833,-28.539633
"Caiman yacare",-57.182793,-28.539532
"Caiman yacare",-57.205018,-28.516797
"Caiman yacare",-57.205522,-28.523407
"Caiman yacare",-57.19012,-28.5425
"Caiman yacare",-57.20375,-28.527775
"Caiman yacare",-57.182407,-28.539658
"Caiman yacare",-55.957678,-20.126186
"Caiman yacare",-55.961125,-20.084003
"Caiman yacare",-58.229486,-28.047398
"Caiman yacare",-57.178118,-28.567889
"Caiman yacare",-57.189231,-28.537035
"Caiman yacare",-56.671352,-16.409728
"Caiman yacare",-56.849305,-16.815728
"Caiman yacare",-56.765326,-17.358167
"Caiman yacare",-57.201121,-28.541804
"Caiman yacare",-59.59,-29.285888
"Caiman yacare",-56.846633,-16.763709
"Caiman yacare",-57.20365,-28.545366
"Caiman yacare",-57.205405,-28.53816
"Caiman yacare",-56.866711,-27.82701
"Caiman yacare",-57.17207,-28.569889
"Caiman yacare",-56.87447,-27.825796
"Caiman yacare",-56.866711,-27.818937
"Caiman yacare",-57.096709,-28.542142
"Caiman yacare",-59.227548,-28.525088
"Caiman yacare",-56.67504,-16.504574
"Caiman yacare",-59.260668,-28.501253
"Caiman yacare",-56.866,-27.832
"Caiman yacare",-59.228031,-28.526175
"Caiman yacare",-56.890127,-27.819543
"Caiman yacare",-56.670005,-16.425668
"Caiman yacare",-56.869457,-27.821366
"Caiman yacare",-56.866,-27.833
"Caiman yacare",-55.754302,-19.051335
"Caiman yacare",-56.907179,-27.862795
"Caiman yacare",-57.366603,-25.501405
"Caiman yacare",-56.34317,-16.496084
"Caiman yacare",-59.398384,-28.753054
"Caiman yacare",-56.496806,-27.567001
"Caiman yacare",-57.406735,-28.389593
"Caiman yacare",-57.176259,-28.57662
"Caiman yacare",-56.688672,-17.275539
"Caiman yacare",-56.575225,-20.225126
"Caiman yacare",-57.79223,-19.92034
"Caiman yacare",-56.567124,-20.225987
"Caiman yacare",-56.588079,-20.223743
"Caiman yacare",-63.069507,-17.765928
"Caiman yacare",-56.881786,-27.854907
"Caiman yacare",-57.618455,-19.029536
"Caiman yacare",-56.866073,-16.74904
"Caiman yacare",-56.614537,-20.086973
"Caiman yacare",-55.856873,-20.445123
"Caiman yacare",-56.709304,-17.318089
"Caiman yacare",-56.740132,-17.325253
"Caiman yacare",-56.772478,-16.60219
"Caiman yacare",-56.671067,-16.427597
"Caiman yacare",-57.240491,-28.540296
"Caiman yacare",-56.620542,-16.378957
"Caiman yacare",-56.633495,-20.092182
"Caiman yacare",-58.06195,-28.019907
"Caiman yacare",-57.383413,-17.716639
"Caiman yacare",-56.857327,-16.748608
"Caiman yacare",-57.364682,-25.507995
"Caiman yacare",-57.734694,-21.652773
"Caiman yacare",-57.737466,-21.61852
"Caiman yacare",-57.202418,-28.52688
"Caiman yacare",-56.679469,-16.428458
"Caiman yacare",-56.609139,-28.905086
"Caiman yacare",-57.186035,-28.540516
"Caiman yacare",-57.196849,-28.546096
"Caiman yacare",-57.185606,-28.540064
"Caiman yacare",-56.857808,-16.748006
"Caiman yacare",-56.857439,-16.748097
"Caiman yacare",-56.679469,-16.429117
"Caiman yacare",-57.383413,-17.71664
"Caiman yacare",-56.670055,-16.425645
"Caiman yacare",-56.857686,-16.748247
"Caiman yacare",-56.678096,-16.4278
"Caiman yacare",-56.749501,-16.512038
"Caiman yacare",-56.671352,-16.426498
"Caiman yacare",-56.675491,-16.426482
"Caiman yacare",-56.678782,-16.427141
"Caiman yacare",-56.719119,-17.308641
"Caiman yacare",-56.965152,-16.695348
"Caiman yacare",-56.613833,-20.088186
"Caiman yacare",-57.199545,-28.546304
"Caiman yacare",-57.194824,-28.546095
"Caiman yacare",-57.197927,-28.524609
"Caiman yacare",-57.205309,-28.536538
"Caiman yacare",-56.652806,-17.241944
"Caiman yacare",-57.178332,-28.581449
"Caiman yacare",-56.653222,-17.244472
"Caiman yacare",-56.687639,-17.275889
"Caiman yacare",-56.688917,-17.275361
"Caiman yacare",-56.856889,-16.748583
"Caiman yacare",-59.25146,-28.499781
"Caiman yacare",-59.24767,-28.499093
"Caiman yacare",-59.242802,-28.499684
"Caiman yacare",-59.145556,-28.5175
"Caiman yacare",-56.780223,-17.349441
"Caiman yacare",-56.768759,-16.645441
"Caiman yacare",-56.913515,-27.865728
"Caiman yacare",-57.200455,-28.507174
"Caiman yacare",-56.652884,-17.245404
"Caiman yacare",-57.194981,-28.546351
"Caiman yacare",-63.583333,-15.316667
"Caiman yacare",-57.528318,-28.623446
"Caiman yacare",-57.206594,-28.536393
"Caiman yacare",-57.185685,-28.570632
"Caiman yacare",-57.173456,-28.536053
"Caiman yacare",-57.17228,-28.555857
"Caiman yacare",-57.179546,-28.582864
"Caiman yacare",-56.670746,-16.409692
"Caiman yacare",-57.172236,-28.568042
"Caiman yacare",-56.8575,-16.748111
"Caiman yacare",-57.194081,-28.552238
"Caiman yacare",-57.173781,-28.551777
"Caiman yacare",-57.192723,-28.547413
"Caiman yacare",-56.942,-17.106222
"Caiman yacare",-56.857517,-16.748335
"Caiman yacare",-57.194888,-28.546033
"Caiman yacare",-57.528408,-28.623535
"Caiman yacare",-56.611425,-20.107505
"Caiman yacare",-57.528469,-28.623433
"Caiman yacare",-56.734825,-16.619675
"Caiman yacare",-56.575578,-20.225512
"Caiman yacare",-66.099081,-11.032249
"Caiman yacare",-56.771523,-16.639853
"Caiman yacare",-56.744873,-16.504042
"Caiman yacare",-56.153908,-19.578781
"Caiman yacare",-57.190663,-28.557483
"Caiman yacare",-57.19469,-28.752698
"Caiman yacare",-56.988511,-19.716962
"Caiman yacare",-56.70957,-16.5088
"Caiman yacare",-59.146157,-28.517103
"Caiman yacare",-63.684206,-13.71139
"Caiman yacare",-56.712069,-16.512644
"Caiman yacare",-56.702996,-16.587483
"Caiman yacare",-63.069943,-17.766299
"Caiman yacare",-57.20031,-28.550379
"Caiman yacare",-56.670406,-16.408569
"Caiman yacare",-56.699139,-16.516256
"Caiman yacare",-63.069095,-17.765648
"Caiman yacare",-56.871157,-16.755595
"Caiman yacare",-56.884725,-27.904165
"Caiman yacare",-56.66985,-16.434101
"Caiman yacare",-56.667571,-16.304551
"Caiman yacare",-57.196584,-28.546188
"Caiman yacare",-56.250719,-19.890011
"Caiman yacare",-57.199311,-28.547198
"Caiman yacare",-57.200921,-28.539521
"Caiman yacare",-56.8507,-27.725132
"Caiman yacare",-56.287178,-19.846924
"Caiman yacare",-57.209168,-28.544437
"Caiman yacare",-56.288054,-19.846945
"Caiman yacare",-56.927862,-17.147824
"Caiman yacare",-56.674705,-16.504389
"Caiman yacare",-56.735145,-16.620674
"Caiman yacare",-56.677942,-16.502971
"Caiman yacare",-57.410414,-19.405507
"Caiman yacare",-56.669356,-17.263236
"Caiman yacare",-56.845579,-16.816397
"Caiman yacare",-56.676792,-17.277036
"Caiman yacare",-66.099594,-11.02815
"Caiman yacare",-56.679565,-16.50219
"Caiman yacare",-56.92916,-17.11743
"Caiman yacare",-56.682095,-16.498751
"Caiman yacare",-56.846514,-16.81812
"Caiman yacare",-56.812536,-17.448691
"Caiman yacare",-57.096818,-28.54221
"Caiman yacare",-57.197746,-28.543743
"Caiman yacare",-56.680485,-16.472311
"Caiman yacare",-56.857832,-16.748285
"Caiman yacare",-56.259065,-17.225916
"Caiman yacare",-56.877017,-16.75771
"Caiman yacare",-56.88098,-16.757793
"Caiman yacare",-56.888601,-27.907383
"Caiman yacare",-56.749208,-16.512056
"Caiman yacare",-56.866897,-16.745317
"Caiman yacare",-57.166967,-28.538357
"Caiman yacare",-56.876105,-16.75725
"Caiman yacare",-56.749348,-16.511635
"Caiman yacare",-56.703971,-17.23662
"Caiman yacare",-56.007955,-20.097778
"Caiman yacare",-56.710098,-17.28144
"Caiman yacare",-57.569617,-25.253843
"Caiman yacare",-57.091128,-28.546
"Caiman yacare",-56.709988,-17.28141
"Caiman yacare",-57.090805,-28.546172
"Caiman yacare",-56.689496,-16.473633
"Caiman yacare",-56.675132,-16.504615
"Caiman yacare",-56.862414,-27.833364
"Caiman yacare",-56.039846,-20.213472
"Caiman yacare",-56.184365,-20.593277
"Caiman yacare",-56.875538,-16.745583
"Caiman yacare",-58.908835,-27.609785
"Caiman yacare",-57.195611,-28.546851
"Caiman yacare",-57.209878,-28.549802
"Caiman yacare",-56.740495,-16.503092
"Caiman yacare",-56.711559,-16.512083
"Caiman yacare",-57.212988,-28.548443
"Caiman yacare",-56.740455,-16.503
"Caiman yacare",-58.908755,-27.609833
"Caiman yacare",-57.186845,-28.538201
"Caiman yacare",-57.218115,-28.551541
"Caiman yacare",-57.195439,-28.545312
"Caiman yacare",-56.628115,-16.264502
"Caiman yacare",-56.686847,-28.09385
"Caiman yacare",-57.194633,-28.546557
"Caiman yacare",-57.372254,-28.3326
"Caiman yacare",-57.21497,-28.550145
"Caiman yacare",-57.178925,-28.58895
"Caiman yacare",-56.698,-28.055
"Caiman yacare",-56.69,-28.051
"Caiman yacare",-56.38338,-16.568987
"Caiman yacare",-63.188633,-15.896988
"Caiman yacare",-56.687044,-28.093638
"Caiman yacare",-56.043486,-20.403203
"Caiman yacare",-55.615453,-20.180067
"Caiman yacare",-57.195337,-28.545838
"Caiman yacare",-57.174939,-28.576109
"Caiman yacare",-56.808037,-16.569905
"Caiman yacare",-56.745465,-16.503098
"Caiman yacare",-57.194889,-28.546153
"Caiman yacare",-57.195555,-28.546278
"Caiman yacare",-56.699947,-28.082594
"Caiman yacare",-56.687017,-28.093981
"Caiman yacare",-56.699927,-28.083048
"Caiman yacare",-56.7,-28.083
"Caiman yacare",-56.693001,-28.088988
"Caiman yacare",-56.699887,-28.082786
"Caiman yacare",-56.685118,-28.09412
"Caiman yacare",-57.194817,-28.546062
"Caiman yacare",-57.185763,-28.538892
"Caiman yacare",-57.203114,-28.511918
"Caiman yacare",-57.190311,-28.542521
"Caiman yacare",-65.079913,-12.827267
"Caiman yacare",-64.300445,-12.014893
"Caiman yacare",-58.740868,-17.489403
"Caiman yacare",-56.879647,-27.848406
"Caiman yacare",-56.884641,-27.847793
"Caiman yacare",-57.189883,-28.542258
"Caiman yacare",-56.520895,-20.230582
"Caiman yacare",-56.760018,-16.5192
"Caiman yacare",-57.546423,-25.265082
"Caiman yacare",-56.697,-28.066
"Caiman yacare",-56.693,-28.089
"Caiman yacare",-56.878081,-27.873167
"Caiman yacare",-57.206557,-28.538943
"Caiman yacare",-58.02868,-28.006647
"Caiman yacare",-57.670763,-28.426535
"Caiman yacare",-58.169754,-26.219013
"Caiman yacare",-58.037521,-28.013998
"Caiman yacare",-58.167862,-26.224674
"Caiman yacare",-57.363533,-25.507874
"Caiman yacare",-56.848683,-16.785297
"Caiman yacare",-57.363575,-25.507924
"Caiman yacare",-56.613393,-16.381425
"Caiman yacare",-57.363521,-25.507846
"Caiman yacare",-57.363554,-25.508002
"Caiman yacare",-57.363618,-25.507854
"Caiman yacare",-55.701389,-15.673889
"Caiman yacare",-55.799172,-16.275011
"Caiman yacare",-65.385593,-13.742335
"Caiman yacare",-59.113078,-27.944572
"Caiman yacare",-58.977252,-27.951665
"Caiman yacare",-58.97722,-27.951715
"Caiman yacare",-58.977241,-27.951631
"Caiman yacare",-58.977233,-27.951729
"Caiman yacare",-58.977313,-27.95166
"Caiman yacare",-57.022477,-19.602726
"Caiman yacare",-57.982153,-27.975569
"Caiman yacare",-57.20819,-28.553997
"Caiman yacare",-56.95627,-20.406237
"Caiman yacare",-57.43895,-28.255124
"Caiman yacare",-57.183838,-28.533051
"Caiman yacare",-56.62143,-16.378797
"Caiman yacare",-56.671972,-16.41434
"Caiman yacare",-56.975108,-28.050037
"Caiman yacare",-56.858628,-29.474451
"Caiman yacare",-56.906261,-27.857138
"Caiman yacare",-56.849534,-16.788389
"Caiman yacare",-56.875332,-16.756675
"Caiman yacare",-56.697575,-16.479465
"Caiman yacare",-56.875963,-16.756181
"Caiman yacare",-58.04781,-22.149286
"Caiman yacare",-56.876769,-16.753963
"Caiman yacare",-56.272,-19.9421
"Caiman yacare",-56.3043,-19.9543
"Caiman yacare",-59.258882,-28.505972
"Caiman yacare",-56.670031,-16.406976
"Caiman yacare",-57.195817,-28.544148
"Caiman yacare",-57.066077,-28.608849
"Caiman yacare",-57.59531,-25.244508
"Caiman yacare",-57.186489,-28.538521
"Caiman yacare",-57.211005,-28.548071
"Caiman yacare",-63.328165,-17.352996
"Caiman yacare",-57.184047,-28.539054
"Caiman yacare",-57.075481,-19.441444
"Caiman yacare",-57.186788,-28.538326
"Caiman yacare",-63.207634,-17.80177
"Caiman yacare",-57.180191,-28.588856
"Caiman yacare",-56.708167,-16.590384
"Caiman yacare",-57.040307,-19.533112
"Caiman yacare",-56.734809,-16.619641
"Caiman yacare",-56.714827,-16.593679
"Caiman yacare",-56.735608,-17.322225
"Caiman yacare",-57.194885,-28.598491
"Caiman yacare",-66.100419,-11.025786
"Caiman yacare",-66.099685,-11.027992
"Caiman yacare",-57.185908,-28.537617
"Caiman yacare",-57.200819,-28.536747
"Caiman yacare",-57.171546,-28.523383
"Caiman yacare",-56.595475,-17.204405
"Caiman yacare",-57.178241,-28.528662
"Caiman yacare",-57.173606,-28.528134
"Caiman yacare",-57.186584,-28.537783
"Caiman yacare",-56.26685,-16.68942
"Caiman yacare",-57.147352,-28.493172
"Caiman yacare",-57.140786,-28.526984
"Caiman yacare",-56.893552,-27.851744
"Caiman yacare",-57.875303,-25.071087
"Caiman yacare",-56.872021,-16.756259
"Caiman yacare",-58.130802,-25.171102
"Caiman yacare",-57.180501,-28.558073
"Caiman yacare",-57.032336,-19.53897
"Caiman yacare",-57.140657,-28.526833
"Caiman yacare",-57.140592,-28.526814
"Caiman yacare",-57.198135,-28.500906
"Caiman yacare",-56.895875,-17.266288
"Caiman yacare",-56.681167,-17.276912
"Caiman yacare",-56.935781,-17.56905
"Caiman yacare",-57.197906,-28.542885
"Caiman yacare",-57.176889,-28.535443
"Caiman yacare",-57.17067,-28.57478
"Caiman yacare",-57.194531,-28.494117
"Caiman yacare",-57.038196,-19.56166
"Caiman yacare",-57.170841,-28.570342
"Caiman yacare",-57.195757,-28.545271
"Caiman yacare",-55.86298,-16.344767
"Caiman yacare",-56.913937,-27.865992
"Caiman yacare",-57.222261,-28.547073
"Caiman yacare",-65.064075,-14.009576
"Caiman yacare",-55.961514,-20.084019
"Caiman yacare",-56.626792,-16.419483
"Caiman yacare",-57.189381,-28.490195
"Caiman yacare",-56.375563,-16.51411
"Caiman yacare",-57.163328,-28.560405
"Caiman yacare",-65.405761,-13.242088
"Caiman yacare",-58.009379,-28.011261
"Caiman yacare",-56.807881,-16.811788
"Caiman yacare",-56.635736,-20.0375
"Caiman yacare",-57.127593,-28.632028
"Caiman yacare",-57.171628,-28.569527
"Caiman yacare",-56.878152,-27.868596
"Caiman yacare",-56.686834,-28.093325
"Caiman yacare",-56.685504,-28.094347
"Caiman yacare",-57.432597,-17.655786
"Caiman yacare",-65.320102,-13.300295
"Caiman yacare",-57.987401,-29.217549
"Caiman yacare",-58.951676,-27.435852
"Caiman yacare",-56.670574,-17.337202
"Caiman yacare",-57.183488,-28.532201
"Caiman yacare",-59.249357,-28.498951
"Caiman yacare",-57.183391,-28.532276
"Caiman yacare",-57.433713,-28.12678
"Caiman yacare",-56.446981,-21.380265
"Caiman yacare",-56.623447,-16.377737
"Caiman yacare",-58.703081,-27.071933
"Caiman yacare",-57.372255,-28.326009
"Caiman yacare",-58.972052,-27.45318
"Caiman yacare",-57.19536,-28.545786
"Caiman yacare",-56.60482,-20.093997
"Caiman yacare",-56.670025,-16.426742
"Caiman yacare",-57.434643,-28.128196
"Caiman yacare",-56.685059,-21.089875
"Caiman yacare",-57.198496,-28.547494
"Caiman yacare",-58.972104,-27.453396
"Caiman yacare",-57.354395,-19.861004
"Caiman yacare",-59.183958,-28.511204
"Caiman yacare",-56.857495,-16.748271
"Caiman yacare",-59.145855,-28.517645
"Caiman yacare",-57.494733,-18.023884
"Caiman yacare",-56.906435,-17.260099
"Caiman yacare",-59.226307,-28.505795
"Caiman yacare",-59.226358,-28.505755
"Caiman yacare",-57.819275,-28.428543
"Caiman yacare",-57.075787,-19.447458
"Caiman yacare",-59.145852,-28.517638
"Caiman yacare",-59.226288,-28.505805
"Caiman yacare",-56.73997,-16.611353
"Caiman yacare",-57.434646,-28.128188
"Caiman yacare",-57.205086,-27.699059
"Caiman yacare",-57.205043,-27.699249
"Caiman yacare",-59.145855,-28.517643
"Caiman yacare",-59.145847,-28.517637
"Caiman yacare",-58.140986,-25.072246
"Caiman yacare",-57.569633,-25.251858
"Caiman yacare",-57.569637,-25.251778
"Caiman yacare",-55.863145,-16.345322
"Caiman yacare",-56.620175,-16.377767
"Caiman yacare",-57.167612,-28.520361
"Caiman yacare",-55.96487,-20.095665
"Caiman yacare",-58.972108,-27.453184
"Caiman yacare",-56.726654,-16.599809
"Caiman yacare",-57.202638,-28.532018
"Caiman yacare",-57.202981,-28.527305
"Caiman yacare",-57.203325,-28.530623
"Caiman yacare",-58.57589,-26.979103
"Caiman yacare",-57.079512,-19.440669
"Caiman yacare",-57.749746,-27.749162
"Caiman yacare",-56.711063,-16.514752
"Caiman yacare",-56.711705,-16.511738
"Caiman yacare",-56.788567,-16.593007
"Caiman yacare",-56.759149,-27.725707
"Caiman yacare",-57.069032,-16.989511
"Caiman yacare",-56.605084,-20.0945
"Caiman yacare",-57.243951,-28.306508
"Caiman yacare",-57.186456,-28.537896
"Caiman yacare",-56.642732,-16.342257
"Caiman yacare",-57.201951,-28.538616
"Caiman yacare",-57.031443,-28.37752
"Caiman yacare",-56.998731,-28.350611
"Caiman yacare",-56.437619,-21.165143
"Caiman yacare",-57.995728,-25.813383
"Caiman yacare",-56.636435,-28.09998
"Caiman yacare",-56.661821,-16.404605
"Caiman yacare",-56.635419,-20.109131
"Caiman yacare",-56.734543,-17.311698
"Caiman yacare",-56.774853,-17.36461
"Caiman yacare",-56.675722,-20.390807
"Caiman yacare",-57.527061,-28.152426
"Caiman yacare",-56.669863,-16.406855
"Caiman yacare",-57.186494,-27.711402
"Caiman yacare",-56.62133,-18.987933
"Caiman yacare",-57.013542,-19.582308
"Caiman yacare",-57.184281,-28.530422
"Caiman yacare",-59.260007,-28.506036
"Caiman yacare",-56.604113,-20.093407
"Caiman yacare",-56.671112,-16.425764
"Caiman yacare",-58.864387,-27.639935
"Caiman yacare",-56.670393,-16.408238
"Caiman yacare",-66.100094,-13.761105
"Caiman yacare",-66.101285,-13.76048
"Caiman yacare",-56.957305,-19.493796
"Caiman yacare",-58.933411,-27.4823
"Caiman yacare",-57.203863,-28.513978
"Caiman yacare",-57.038187,-19.562139
"Caiman yacare",-57.333333,-28.416667
"Caiman yacare",-57.32945,-28.42914
"Caiman yacare",-57.178764,-28.53992
"Caiman yacare",-56.668966,-16.428094
"Caiman yacare",-55.787847,-19.25935
"Caiman yacare",-56.667061,-17.214287
"Caiman yacare",-56.673948,-16.507611
"Caiman yacare",-58.174994,-26.217687
"Caiman yacare",-57.183998,-28.589454
"Caiman yacare",-56.818979,-17.030081
"Caiman yacare",-56.742561,-16.499684
"Caiman yacare",-58.514038,-23.43145
"Caiman yacare",-56.830259,-16.749106
"Caiman yacare",-56.60692,-16.413988
"Caiman yacare",-57.716288,-28.25138
"Caiman yacare",-56.638629,-16.257514
"Caiman yacare",-59.006497,-26.705669
"Caiman yacare",-57.205466,-28.53682
"Caiman yacare",-58.130693,-25.170603
"Caiman yacare",-57.172154,-28.554933
"Caiman yacare",-57.132481,-28.509062
"Caiman yacare",-58.632488,-27.303191
"Caiman yacare",-56.871794,-27.848473
"Caiman yacare",-56.620042,-16.37652
"Caiman yacare",-56.614125,-16.380732
"Caiman yacare",-56.670034,-16.426134
"Caiman yacare",-56.749531,-16.511907
"Caiman yacare",-57.203702,-28.536863
"Caiman yacare",-65.04521,-12.820989
"Caiman yacare",-57.186564,-28.572967
"Caiman yacare",-56.958964,-19.49149
"Caiman yacare",-58.025172,-28.014216
"Caiman yacare",-59.618393,-26.79322
"Caiman yacare",-57.20506,-28.536602
"Caiman yacare",-63.06957,-17.766486
"Caiman yacare",-57.203748,-28.512746
"Caiman yacare",-57.177946,-28.533022
"Caiman yacare",-57.149197,-27.736275
"Caiman yacare",-55.216667,-19.75
"Caiman yacare",-56.620833,-16.378611
"Caiman yacare",-56.62038,-16.377092
"Caiman yacare",-56.837846,-16.733619
"Caiman yacare",-56.626599,-16.266471
"Caiman yacare",-56.71195,-20.096775
"Caiman yacare",-56.624766,-20.075108
"Caiman yacare",-55.968919,-20.094183
"Caiman yacare",-56.37737,-16.516066
"Caiman yacare",-57.175147,-28.533612
"Caiman yacare",-56.592468,-21.06241
"Caiman yacare",-56.745334,-16.503078
"Caiman yacare",-56.253643,-19.927973
"Caiman yacare",-57.186383,-28.538142
"Caiman yacare",-66.0999,-11.029513
"Caiman yacare",-57.19553,-28.54507
"Caiman yacare",-57.195412,-28.545751
"Caiman yacare",-57.195346,-28.545909
"Caiman yacare",-57.195715,-28.545624
"Caiman yacare",-56.749057,-16.516733
"Caiman yacare",-56.670135,-16.424026
"Caiman yacare",-56.685814,-17.275534
"Caiman yacare",-56.749157,-16.512047
"Caiman yacare",-56.749305,-16.511792
"Caiman yacare",-56.604771,-16.405695
"Caiman yacare",-56.749161,-16.512045
"Caiman yacare",-56.644139,-17.224245
"Caiman yacare",-56.624542,-16.37665
"Caiman yacare",-56.886263,-16.953695
"Caiman yacare",-56.748661,-16.519529
"Caiman yacare",-56.685749,-17.275427
"Caiman yacare",-56.756165,-16.52729
"Caiman yacare",-56.669796,-16.433123
"Caiman yacare",-56.670195,-16.421397
"Caiman yacare",-56.620102,-16.376721
"Caiman yacare",-56.686822,-17.276562
"Caiman yacare",-56.62018,-16.377773
"Caiman yacare",-58.2088,-25.1286
"Caiman yacare",-56.749613,-16.510783
"Caiman yacare",-56.749178,-16.511985
"Caiman yacare",-56.67008,-16.425378
"Caiman yacare",-56.749262,-16.511768
"Caiman yacare",-57.1954,-28.5462
"Caiman yacare",-56.659558,-17.23459
"Caiman yacare",-56.608447,-16.418586
"Caiman yacare",-56.631632,-16.370856
"Caiman yacare",-56.670215,-16.422128
"Caiman yacare",-56.620557,-16.377522
"Caiman yacare",-56.674361,-16.504669
"Caiman yacare",-56.670208,-16.421233
"Caiman yacare",-56.601025,-16.427101
"Caiman yacare",-56.669865,-16.430418
"Caiman yacare",-56.644722,-16.347172
"Caiman yacare",-56.62722,-16.374403
"Caiman yacare",-56.622726,-16.379663
"Caiman yacare",-56.652742,-17.241627
"Caiman yacare",-56.670143,-16.422938
"Caiman yacare",-56.669907,-16.406733
"Caiman yacare",-56.778844,-17.344801
"Caiman yacare",-66.105385,-11.133824
"Caiman yacare",-55.964844,-20.096361
"Caiman yacare",-57.105819,-14.837579
"Caiman yacare",-56.688633,-16.531125
"Caiman yacare",-57.383413,-17.716585
"Caiman yacare",-56.768543,-16.623161
"Caiman yacare",-56.873339,-16.75147
"Caiman yacare",-56.729005,-16.60026
"Caiman yacare",-56.869694,-27.852786
"Caiman yacare",-57.203395,-28.500086
"Caiman yacare",-56.657987,-16.383632
"Caiman yacare",-56.668236,-16.403237
"Caiman yacare",-56.150617,-19.577837
"Caiman yacare",-66.098564,-13.771871
"Caiman yacare",-56.150333,-19.583902
"Caiman yacare",-56.666667,-16.35
"Caiman yacare",-66.100002,-11.029951
"Caiman yacare",-56.492892,-21.128627
"Caiman yacare",-57.153056,-28.499722
"Caiman yacare",-56.748971,-16.516644
"Caiman yacare",-56.748946,-16.516708
"Caiman yacare",-57.215699,-28.566844
"Caiman yacare",-56.748098,-16.499907
"Caiman yacare",-56.615295,-20.085921
"Caiman yacare",-66.290653,-13.558391
"Caiman yacare",-57.34314,-28.343065
"Caiman yacare",-55.965965,-20.095758
"Caiman yacare",-56.406175,-16.545869
"Caiman yacare",-56.709709,-17.287934
"Caiman yacare",-56.648097,-17.23992
"Caiman yacare",-57.477924,-17.676733
"Caiman yacare",-56.966667,-17.63321
"Caiman yacare",-56.699063,-28.088641
"Caiman yacare",-57.416091,-28.60947
"Caiman yacare",-57.174154,-28.533623
"Caiman yacare",-57.18668,-28.538369
"Caiman yacare",-58.843375,-27.46213
"Caiman yacare",-57.195386,-28.543439
"Caiman yacare",-56.796909,-17.420552
"Caiman yacare",-58.647064,-27.435755
"Caiman yacare",-58.487573,-16.355661
"Caiman yacare",-59.145648,-28.517468
"Caiman yacare",-59.158566,-28.519913
"Caiman yacare",-56.963612,-27.918784
"Caiman yacare",-57.194837,-28.545411
"Caiman yacare",-57.195287,-28.546128
"Caiman yacare",-57.020666,-19.564763
"Caiman yacare",-56.773455,-17.363426
"Caiman yacare",-57.173883,-28.497708
"Caiman yacare",-57.154999,-28.465341
"Caiman yacare",-57.183191,-28.512914
"Caiman yacare",-57.199642,-27.706121
"Caiman yacare",-57.211774,-28.5364
"Caiman yacare",-56.020203,-20.074154
"Caiman yacare",-56.74281,-16.642967
"Caiman yacare",-56.850926,-16.705562
"Caiman yacare",-56.871767,-16.746433
"Caiman yacare",-56.748935,-16.512235
"Caiman yacare",-56.680746,-16.432907
"Caiman yacare",-56.746308,-16.503413
"Caiman yacare",-56.749277,-16.512167
"Caiman yacare",-57.214598,-28.461905
"Caiman yacare",-57.198119,-28.40877
"Caiman yacare",-57.208115,-28.53869
"Caiman yacare",-56.748927,-16.512277
"Caiman yacare",-56.740605,-16.502765
"Caiman yacare",-57.26953,-28.355609
"Caiman yacare",-57.214598,-28.34594
"Caiman yacare",-56.74039,-16.502725
"Caiman yacare",-56.682676,-16.43657
"Caiman yacare",-56.748987,-16.512125
"Caiman yacare",-57.195033,-28.545991
"Caiman yacare",-56.625161,-16.275771
"Caiman yacare",-57.174225,-28.53552
"Caiman yacare",-59.07256,-28.35166
"Caiman yacare",-57.188337,-28.520071
"Caiman yacare",-56.749029,-16.516533
"Caiman yacare",-57.203906,-28.536465
"Caiman yacare",-57.207033,-28.54571
"Caiman yacare",-57.170365,-28.56288
"Caiman yacare",-57.215998,-28.550236
"Caiman yacare",-57.173458,-28.54175
"Caiman yacare",-57.204676,-28.545496
"Caiman yacare",-57.173443,-28.541843
"Caiman yacare",-57.170146,-28.564055
"Caiman yacare",-57.170123,-28.56408
"Caiman yacare",-57.437455,-28.147406
"Caiman yacare",-56.86116,-17.055687
"Caiman yacare",-57.185946,-28.538425
"Caiman yacare",-56.88652,-27.968068
"Caiman yacare",-56.876564,-16.756879
"Caiman yacare",-56.65879,-17.244938
"Caiman yacare",-56.749255,-16.498408
"Caiman yacare",-57.566423,-18.809374
"Caiman yacare",-56.597324,-27.570612
"Caiman yacare",-57.47406,-19.023325
"Caiman yacare",-56.621391,-16.377251
"Caiman yacare",-56.670379,-16.417601
"Caiman yacare",-58.613046,-24.936341
"Caiman yacare",-56.657181,-17.273285
"Caiman yacare",-56.751165,-17.352158
"Caiman yacare",-56.621475,-16.378821
"Caiman yacare",-66.09848,-13.762331
"Caiman yacare",-56.616915,-20.091103
"Caiman yacare",-56.669992,-16.425862
"Caiman yacare",-56.663818,-16.434555
"Caiman yacare",-57.193584,-28.411911
"Caiman yacare",-56.628242,-16.310021
"Caiman yacare",-56.987983,-19.717553
"Caiman yacare",-56.397491,-16.571207
"Caiman yacare",-55.963997,-20.096483
"Caiman yacare",-57.172717,-28.53494
"Caiman yacare",-56.7491,-16.516636
"Caiman yacare",-56.745173,-16.502381
"Caiman yacare",-56.749008,-16.516214
"Caiman yacare",-57.868881,-28.713131
"Caiman yacare",-57.178875,-28.580905
"Caiman yacare",-58.10927,-28.03626
"Caiman yacare",-58.0792,-28.0035
"Caiman yacare",-58.019,-28.033
"Caiman yacare",-58.0817,-28.0517
"Caiman yacare",-58.055,-28.016
"Caiman yacare",-56.766528,-17.360208
"Caiman yacare",-56.341095,-16.489406
"Caiman yacare",-57.174259,-28.535967
"Caiman yacare",-57.858095,-28.681721
"Caiman yacare",-58.10148,-27.922366
"Caiman yacare",-56.655579,-16.382477
"Caiman yacare",-56.38916,-16.532851
"Caiman yacare",-56.3974,-16.575391
"Caiman yacare",-57.189672,-28.535298
"Caiman yacare",-56.632358,-17.333345
"Caiman yacare",-57.154882,-28.482344
"Caiman yacare",-57.169211,-28.518232
"Caiman yacare",-56.39684,-16.572702
"Caiman yacare",-55.963908,-20.096493
"Caiman yacare",-55.963961,-20.096481
"Caiman yacare",-56.745163,-16.502688
"Caiman yacare",-55.963978,-20.096474
"Caiman yacare",-57.160854,-28.538303
"Caiman yacare",-58.89049,-28.094195
"Caiman yacare",-57.073975,-28.519383
"Caiman yacare",-57.17749,-28.533112
"Caiman yacare",-56.927793,-17.643279
"Caiman yacare",-57.421369,-23.427362
"Caiman yacare",-56.648848,-18.989866
"Caiman yacare",-57.15971,-28.520859
"Caiman yacare",-57.65155,-19.008169
"Caiman yacare",-58.678409,-27.308414
"Caiman yacare",-57.204764,-28.53726
"Caiman yacare",-57.172506,-28.540843
"Caiman yacare",-56.711535,-16.511874
"Caiman yacare",-54.936581,-26.921485
"Caiman yacare",-57.199516,-28.545595
"Caiman yacare",-57.183151,-28.541549
"Caiman yacare",-57.183754,-28.515389
"Caiman yacare",-57.100833,-28.489167
"Caiman yacare",-56.71812,-28.058186
"Caiman yacare",-57.272518,-27.679614
"Caiman yacare",-58.797716,-26.875361
"Caiman yacare",-57.947701,-22.206363
"Caiman yacare",-57.177457,-28.494531
"Caiman yacare",-57.169159,-28.546435
"Caiman yacare",-57.204267,-28.536654
"Caiman yacare",-57.195483,-28.546118
"Caiman yacare",-57.207028,-28.545724
"Caiman yacare",-57.173439,-28.541768
"Caiman yacare",-57.170361,-28.5629
"Caiman yacare",-57.170357,-28.562919
"Caiman yacare",-57.170101,-28.564111
"Caiman yacare",-56.303332,-17.2749
"Caiman yacare",-56.516667,-20.2
"Caiman yacare",-56.777344,-17.493198
"Caiman yacare",-57.17,-28.54
"Caiman yacare",-56.799021,-27.801734
"Caiman yacare",-56.553146,-16.80305
"Caiman yacare",-63.063588,-17.777783
"Caiman yacare",-56.712699,-16.512216
"Caiman yacare",-56.608336,-16.41862
"Caiman yacare",-56.415,-19.611
"Caiman yacare",-56.962,-19.338
"Caiman yacare",-55.343,-19.129
"Caiman yacare",-55.647,-20.073
"Caiman yacare",-56.244,-19.576
"Caiman yacare",-56.955,-19.62
"Caiman yacare",-56.737862,-16.621471
"Caiman yacare",-56.666763,-16.409157
"Caiman yacare",-56.958061,-17.00042
"Caiman yacare",-56.767426,-17.354317
"Caiman yacare",-58.412056,-26.961456
"Caiman yacare",-56.721512,-17.308016
"Caiman yacare",-56.621292,-16.378824
"Caiman yacare",-56.773609,-17.364155
"Caiman yacare",-56.553558,-16.07555
"Caiman yacare",-55.91599,-20.227087
"Caiman yacare",-56.620828,-16.377942
"Caiman yacare",-66.596897,-13.474804
"Caiman yacare",-66.604492,-13.518155
"Caiman yacare",-66.616883,-13.560595
"Caiman yacare",-55.915837,-20.22611
"Caiman yacare",-57.99915,-26.84909
"Caiman yacare",-59.133068,-27.657082
"Caiman yacare",-57.204244,-28.537462
"Caiman yacare",-57.377654,-27.796106
"Caiman yacare",-57.205163,-28.528814
"Caiman yacare",-57.203402,-28.533125
"Caiman yacare",-57.02607,-19.247632
"Caiman yacare",-56.248536,-19.575336
"Caiman yacare",-56.869869,-16.755318
"Caiman yacare",-56.869708,-16.755328
"Caiman yacare",-56.871071,-16.755687
"Caiman yacare",-56.453822,-20.194599
"Caiman yacare",-57.3222,-19.5624
"Caiman yacare",-57.4291,-19.4935
"Caiman yacare",-56.23812,-19.955437
"Caiman yacare",-56.708708,-16.510547
"Caiman yacare",-56.347847,-19.37658
"Caiman yacare",-57.032433,-19.326803
"Caiman yacare",-56.721767,-16.550398
"Caiman yacare",-56.806802,-16.599636
"Caiman yacare",-56.643858,-17.22135
"Caiman yacare",-56.640436,-17.193911
"Caiman yacare",-55.954269,-20.070423
"Caiman yacare",-56.710976,-16.512218
"Caiman yacare",-56.067566,-19.599981
"Caiman yacare",-56.670158,-16.420588
"Caiman yacare",-57.187271,-28.5411
"Caiman yacare",-57.138519,-27.740238
"Caiman yacare",-56.791858,-17.422247
"Caiman yacare",-56.652722,-17.24141
"Caiman yacare",-56.670065,-16.426847
"Caiman yacare",-56.810917,-16.733032
"Caiman yacare",-56.614102,-16.382075
"Caiman yacare",-56.629762,-16.379903
"Caiman yacare",-56.812379,-19.841636
"Caiman yacare",-56.623495,-16.377858
"Caiman yacare",-57.19915,-28.530725
"Caiman yacare",-56.087017,-19.588499
"Caiman yacare",-56.118248,-19.601032
"Caiman yacare",-56.501312,-15.274249
"Caiman yacare",-58.915833,-26.471944
"Caiman yacare",-57.193108,-28.515461
"Caiman yacare",-55.371094,-19.911384
"Caiman yacare",-56.680167,-16.501471
"Caiman yacare",-56.696647,-16.521221
"Caiman yacare",-57.195854,-28.535973
"Caiman yacare",-57.184353,-28.535973
"Caiman yacare",-56.857604,-16.746949
"Caiman yacare",-57.20375,-25.069973
"Caiman yacare",-56.765739,-16.506704
"Caiman yacare",-56.9557,-19.496693
"Caiman yacare",-66.1653,-11.1431
"Caiman yacare",-57.965,-26.606
"Caiman yacare",-56.6944,-20.1319
"Caiman yacare",-56.837769,-16.746688
"Caiman yacare",-57.206519,-28.53733
"Caiman yacare",-63.069599,-17.767042
"Caiman yacare",-56.979933,-27.278013
"Caiman yacare",-57.858199,-15.842825
"Caiman yacare",-55.118532,-19.329256
"Caiman yacare",-56.366667,-20.233333
"Caiman yacare",-64.3,-13.38
"Caiman yacare",-57.694663,-15.97295
"Caiman yacare",-57.866667,-21.7
"Caiman yacare",-56.59124,-16.405918
"Caiman yacare",-55.75,-18.45
"Caiman yacare",-56.626944,-16.259722
"Caiman yacare",-64.5,-13.14
"Caiman yacare",-57.8,-16.333333
"Caiman yacare",-59.959621,-15.001985
"Caiman yacare",-57.65,-19.016667
"Caiman yacare",-55.964167,-16.197075
"Caiman yacare",-57.874524,-25.071788
"Caiman yacare",-57.643195,-15.876185
"Caiman yacare",-56.666667,-18.75
"Caiman yacare",-64.228325,-12.436541
"Caiman yacare",-56.393408,-20.237983
"Caiman yacare",-64.251766,-12.421277
"Caiman yacare",-57.934723,-26.748832
"Caiman yacare",-57.482805,-15.632917
"Caiman yacare",-55.8,-20.466667
"Caiman yacare",-61.116667,-16.083333
"Caiman yacare",-57.083333,-15.916667
"Caiman yacare",-65.359099,-11.253609
"Caiman yacare",-66.173628,-10.983291
"Caiman yacare",-56.738163,-24.072993
"Caiman yacare",-56.6667,-18.75
"Caiman yacare",-55.887499,-16.267375
"Caiman yacare",-65.014701,-14.274146
"Caiman yacare",-56.750172,-22.241231
"Caiman yacare",-56.570207,-22.205953
"Caiman yacare",-57.040329,-19.401192
"Caiman yacare",-56.515675,-20.983168
"Caiman yacare",-57.768444,-16.145306
"Caiman yacare",-57.748472,-16.118528
"Caiman yacare",-56.206055,-16.214675
"Caiman yacare",-57.172638,-28.553314
"Caiman yacare",-57.206497,-28.511539
